Age;Income;Gender;Education;Marital Status;Number of Children;Home Ownership;Credit Score
45.0;44.341,56;Female;Associate's Degree;Married;1;Own;Average
38.0;34.972,48;Male;High School Diploma;Single;0;Rent;Average
47.0;22.693,08;Female;High School Diploma;Married;1;Own;High
58.0;15.939,12;Male;Associate's Degree;Married;0;Own;Average
37.0;31.229,29;Male;High School Diploma;Married;1;Own;Average
37.0;26.815,70;Female;High School Diploma;Married;1;Own;Average
58.0;34.461,45;Male;Bachelor's Degree;Married;1;Own;High
49.0;30.260,12;Female;Doctorate;Single;3;Own;High
34.0;37.226,51;Female;Bachelor's Degree;Married;1;Own;Average
46.0;16.854,66;Male;High School Diploma;Single;1;Rent;Low
34.0;42.561,15;Male;High School Diploma;Married;1;Own;Low
34.0;24.313,81;Female;Doctorate;Married;2;Rent;High
42.0;62.170,16;Female;High School Diploma;Single;0;Rent;High
18.0;15.605,93;Male;High School Diploma;Single;3;Own;Low
19.0;52.469,22;Male;Bachelor's Degree;Married;1;Own;Average
33.0;24.317,59;Male;Bachelor's Degree;Single;0;Rent;High
27.0;15.903,44;Male;Bachelor's Degree;Married;0;Own;Average
43.0;17.293,00;Female;High School Diploma;Single;1;Own;Average
29.0;18.766,46;Female;High School Diploma;Single;0;Own;Low
23.0;27.230,23;Female;Doctorate;Married;2;Rent;Average
57.0;28.607,32;Female;High School Diploma;Married;1;Own;Average
37.0;16.533,60;Male;Bachelor's Degree;Married;0;Rent;Low
40.0;21.759,87;Male;Bachelor's Degree;Single;0;Own;High
22.0;64.288,44;Female;Bachelor's Degree;Married;1;Rent;Average
33.0;52.248,77;Female;Associate's Degree;Married;0;Rent;Average
41.0;27.396,26;Female;High School Diploma;Married;2;Own;Average
26.0;22.449,01;Female;Bachelor's Degree;Married;1;Own;Average
44.0;23.388,87;Female;Master's Degree;Married;1;Rent;High
32.0;29.934,26;Female;Master's Degree;Married;1;Rent;Average
36.0;13.208,34;Female;High School Diploma;Single;1;Own;Average
32.0;19.366,73;Female;High School Diploma;Married;1;Rent;Low
62.0;9.563,49;Female;Master's Degree;Single;5;Own;Average
;26.892,74;Male;Bachelor's Degree;Married;0;Rent;Average
27.0;30.442,59;Female;Master's Degree;Single;1;Rent;Low
49.0;17.299,05;Male;High School Diploma;Married;2;Own;Average
25.0;48.387,33;Male;Bachelor's Degree;Married;1;Own;High
42.0;11.933,65;Female;Bachelor's Degree;Single;0;Own;Average
18.0;10.591,56;Female;Bachelor's Degree;Single;2;Rent;Low
24.0;24.642,45;Male;Associate's Degree;Single;1;Own;Low
42.0;37.180,85;Male;High School Diploma;Married;1;Own;Average
48.0;51.121,67;Female;Bachelor's Degree;Married;1;Rent;High
42.0;17.510,53;Male;High School Diploma;Single;0;Own;Low
38.0;37.772,64;Female;Associate's Degree;Married;0;Own;Average
36.0;21.606,42;Female;Doctorate;Single;2;Rent;High
22.0;20.205,02;Female;Associate's Degree;Married;0;Rent;Low
31.0;34.263,30;Male;Master's Degree;Married;3;Own;High
34.0;30.520,73;Male;High School Diploma;Single;2;Own;Average
52.0;10.014,65;Female;Bachelor's Degree;Married;4;Own;Average
44.0;46.086,26;Male;Doctorate;Single;1;Rent;High
18.0;43.916,51;Male;High School Diploma;Single;3;Rent;Low
43.0;16.110,37;Male;High School Diploma;Single;0;Own;Low
35.0;26.846,80;Male;Associate's Degree;Single;2;Rent;Low
31.0;28.198,25;Male;High School Diploma;Married;1;Own;Low
47.0;25.092,82;Male;Bachelor's Degree;Married;1;Own;Low
52.0;16.728,14;Male;Master's Degree;Married;0;Rent;Low
51.0;15.743,59;Female;Associate's Degree;Single;1;Own;High
29.0;21.746,82;Male;High School Diploma;Single;0;Own;Low
36.0;39.591,29;Male;Associate's Degree;Married;0;Own;High
43.0;28.905,87;Male;Bachelor's Degree;Married;2;Rent;Average
51.0;18.300,67;Male;High School Diploma;Single;0;Rent;Low
34.0;32.397,92;Male;Bachelor's Degree;Married;0;Own;High
37.0;5.301,41;Male;Bachelor's Degree;Married;3;Rent;Average
26.0;39.119,75;Male;Bachelor's Degree;Married;2;Own;Average
25.0;9.229,34;Male;High School Diploma;Married;1;Rent;Low
49.0;18.375,61;Female;Bachelor's Degree;Single;4;Own;Average
56.0;12.583,79;Male;High School Diploma;Single;1;Own;Average
39.0;11.529,44;Male;High School Diploma;Married;1;Own;Low
52.0;39.356,38;Male;Master's Degree;Single;2;Rent;High
44.0;17.433,51;Male;Bachelor's Degree;Married;2;Own;Average
;26.193,12;Female;High School Diploma;Married;1;Rent;Low
44.0;21.515,73;Female;High School Diploma;Single;1;Own;High
58.0;27.959,73;Female;High School Diploma;Married;3;Rent;Average
39.0;22.888,98;Female;High School Diploma;Single;3;Own;Average
58.0;11.597,03;Female;High School Diploma;Married;1;Own;Average
18.0;36.247,78;Female;High School Diploma;Married;1;Rent;Average
49.0;17.207,86;Female;Associate's Degree;Married;1;Own;Average
41.0;10.114,34;Female;Bachelor's Degree;Married;2;Rent;Average
36.0;17.782,01;Female;Bachelor's Degree;Married;0;Own;Average
41.0;46.647,75;Female;Bachelor's Degree;Married;0;Own;Low
18.0;33.695,21;Female;High School Diploma;Married;1;Rent;Low
37.0;18.502,74;Female;Doctorate;Single;1;Own;High
44.0;18.497,14;Female;Master's Degree;Single;0;Rent;High
57.0;18.754,38;Female;Master's Degree;Single;2;Own;Average
33.0;62.216,41;Female;Master's Degree;Single;2;Rent;High
;26.661,28;Female;Master's Degree;Married;1;Own;High
33.0;27.310,34;Male;Bachelor's Degree;Married;1;Own;Average
50.0;36.869,57;Female;High School Diploma;Married;2;Own;Average
43.0;24.819,74;Male;Bachelor's Degree;Single;2;Rent;Average
33.0;19.350,60;Female;Bachelor's Degree;Married;3;Own;Average
46.0;19.966,78;Female;Bachelor's Degree;Single;3;Own;Average
41.0;21.251,85;Male;Bachelor's Degree;Married;2;Own;High
51.0;21.620,32;Female;High School Diploma;Married;0;Rent;Average
31.0;31.691,85;Male;Associate's Degree;Single;2;Rent;Low
36.0;22.606,05;Male;Master's Degree;Single;1;Rent;Average
35.0;31.771,34;Male;Bachelor's Degree;Single;1;Own;Average
22.0;21.155,21;Female;Bachelor's Degree;Married;2;Rent;Low
43.0;22.909,74;Female;High School Diploma;Married;2;Own;Low
43.0;8.110,38;Female;Associate's Degree;Married;2;Rent;Low
40.0;34.827,54;Male;Master's Degree;Single;0;Own;High
37.0;26.192,92;Male;Bachelor's Degree;Married;0;Own;Average
23.0;36.279,39;Female;Bachelor's Degree;Married;0;Own;Average
34.0;5.176,44;Female;Associate's Degree;Married;2;Own;Low
35.0;62.579,14;Female;Bachelor's Degree;Single;0;Rent;High
30.0;20.541,55;Female;High School Diploma;Single;2;Rent;Low
38.0;38.333,96;Female;Bachelor's Degree;Married;2;Rent;Average
44.0;13.095,80;Male;Associate's Degree;Single;2;Own;High
62.0;29.923,13;Male;Associate's Degree;Single;1;Own;High
42.0;13.007,64;Male;Bachelor's Degree;Single;0;Own;High
43.0;16.124,83;Female;Master's Degree;Married;1;Own;Low
39.0;57.355,02;Male;High School Diploma;Married;0;Own;Average
18.0;20.023,44;Male;Master's Degree;Married;0;Own;Average
39.0;24.556,12;Male;High School Diploma;Married;0;Own;Average
40.0;34.031,23;Male;Associate's Degree;Married;1;Rent;Low
69.0;28.221,54;Male;High School Diploma;Single;1;Own;Average
37.0;23.746,95;Female;Associate's Degree;Married;1;Own;Average
43.0;26.435,96;Male;Bachelor's Degree;Single;1;Own;Average
39.0;73.255,44;Female;High School Diploma;Married;2;Own;High
25.0;21.400,95;Female;Associate's Degree;Single;1;Rent;Low
53.0;24.356,39;Female;Master's Degree;Single;3;Rent;High
49.0;37.247,02;Female;High School Diploma;Single;3;Own;Average
49.0;38.283,07;Female;Bachelor's Degree;Single;1;Own;Average
29.0;39.875,41;Male;Associate's Degree;Single;1;Rent;Average
56.0;30.314,01;Male;Bachelor's Degree;Single;1;Own;High
23.0;12.437,83;Female;High School Diploma;Married;0;Own;Low
47.0;49.847,11;Female;High School Diploma;Married;2;Own;High
66.0;12.417,07;Female;High School Diploma;Married;1;Rent;Low
28.0;25.624,85;Male;High School Diploma;Married;0;Own;Average
33.0;15.106,22;Female;High School Diploma;Married;1;Own;Low
41.0;21.331,30;Male;Bachelor's Degree;Married;0;Own;High
33.0;25.961,79;Female;Master's Degree;Married;1;Own;High
21.0;25.865,84;Male;Master's Degree;Single;1;Own;High
40.0;27.199,68;Female;Bachelor's Degree;Single;2;Own;High
27.0;49.358,02;Male;High School Diploma;Married;1;Own;High
45.0;27.633,03;Female;High School Diploma;Married;2;Own;Average
28.0;19.495,16;Male;Associate's Degree;Married;0;Own;Average
58.0;35.669,23;Male;High School Diploma;Single;2;Rent;Average
30.0;39.924,09;Male;Bachelor's Degree;Single;0;Own;High
36.0;11.922,66;Male;Bachelor's Degree;Married;2;Own;Average
49.0;29.693,99;Male;Associate's Degree;Single;1;Own;Low
25.0;31.275,38;Male;Associate's Degree;Married;1;Rent;High
42.0;18.981,46;Male;Master's Degree;Married;1;Own;High
55.0;43.820,34;Female;Bachelor's Degree;Married;3;Rent;Average
;20.434,34;Female;Associate's Degree;Married;0;Rent;Low
42.0;23.453,81;Female;Master's Degree;Married;2;Own;Average
43.0;20.200,53;Female;Doctorate;Married;2;Own;Average
49.0;22.198,71;Female;Associate's Degree;Married;1;Own;Average
25.0;12.731,86;Male;Associate's Degree;Married;1;Rent;Average
24.0;10.721,16;Male;Bachelor's Degree;Single;2;Own;Average
46.0;48.886,30;Male;Master's Degree;Single;2;Rent;High
43.0;14.422,13;Male;Master's Degree;Single;1;Own;Average
43.0;13.417,35;Male;High School Diploma;Married;0;Own;Low
44.0;7.504,85;Female;Associate's Degree;Married;1;Own;Low
31.0;16.002,80;Female;Bachelor's Degree;Married;0;Rent;Low
42.0;11.366,83;Female;Bachelor's Degree;Single;2;Rent;Average
43.0;50.061,50;Female;High School Diploma;Single;3;Own;Average
31.0;36.494,20;Male;Master's Degree;Married;2;Rent;Average
62.0;15.614,02;Male;Bachelor's Degree;Single;1;Own;Average
45.0;67.928,97;Male;Master's Degree;Married;0;Own;High
25.0;35.985,91;Female;Master's Degree;Married;1;Rent;Average
47.0;18.724,43;Male;Bachelor's Degree;Married;1;Own;Low
28.0;6.312,56;Female;Associate's Degree;Single;2;Own;Low
49.0;69.249,51;Male;Bachelor's Degree;Single;3;Rent;High
53.0;10.995,20;Male;High School Diploma;Single;1;Rent;Low
30.0;9.675,00;Female;Bachelor's Degree;Married;1;Rent;Low
51.0;36.727,65;Male;High School Diploma;Married;1;Own;Average
44.0;74.598,54;Male;Bachelor's Degree;Single;0;Own;High
49.0;44.008,43;Female;High School Diploma;Married;1;Rent;Low
62.0;29.200,89;Male;High School Diploma;Married;1;Rent;Average
;29.654,74;Female;High School Diploma;Single;1;Own;Average
30.0;33.749,06;Male;High School Diploma;Married;2;Own;High
29.0;32.191,71;Male;Bachelor's Degree;Married;1;Own;High
30.0;25.351,56;Male;Bachelor's Degree;Single;1;Own;High
39.0;23.204,48;Male;Bachelor's Degree;Single;2;Rent;Average
44.0;21.347,79;Male;High School Diploma;Married;0;Own;Low
43.0;15.108,57;Male;High School Diploma;Married;1;Own;Average
49.0;19.142,43;Male;High School Diploma;Married;2;Rent;Low
;9.447,65;Male;High School Diploma;Married;1;Own;Average
57.0;20.969,62;Female;Master's Degree;Married;2;Own;Average
36.0;13.436,15;Female;High School Diploma;Single;0;Own;Average
72.0;12.685,38;Male;Associate's Degree;Married;1;Rent;Average
47.0;24.099,52;Male;High School Diploma;Married;0;Own;Average
29.0;44.178,84;Female;High School Diploma;Single;1;Own;Average
27.0;34.862,20;Male;Bachelor's Degree;Married;1;Own;Average
45.0;10.044,19;Male;Bachelor's Degree;Married;0;Rent;Average
37.0;13.429,19;Female;High School Diploma;Single;0;Rent;Low
48.0;35.255,81;Male;High School Diploma;Married;0;Rent;Low
;13.477,22;Male;Associate's Degree;Single;1;Own;Low
39.0;19.686,40;Female;High School Diploma;Single;0;Rent;Low
29.0;28.999,27;Male;High School Diploma;Single;1;Own;Low
21.0;13.572,86;Male;Doctorate;Married;3;Own;Low
34.0;23.218,11;Female;Bachelor's Degree;Married;0;Own;Average
50.0;11.304,85;Male;Bachelor's Degree;Single;1;Own;Average
42.0;16.306,45;Female;Associate's Degree;Married;3;Own;Average
25.0;25.845,48;Male;Associate's Degree;Single;1;Rent;Average
42.0;9.931,86;Male;Bachelor's Degree;Married;1;Rent;Average
44.0;27.453,18;Female;Bachelor's Degree;Married;1;Own;High
29.0;21.811,25;Female;Bachelor's Degree;Married;1;Own;Average
41.0;29.034,64;Male;High School Diploma;Married;2;Rent;Low
40.0;24.635,83;Female;Bachelor's Degree;Single;1;Own;Average
;43.567,65;Female;Associate's Degree;Single;2;Rent;Average
44.0;23.449,68;Male;Master's Degree;Married;1;Rent;Average
46.0;17.770,54;Male;Bachelor's Degree;Married;3;Rent;Average
;23.415,39;Male;Bachelor's Degree;Single;2;Own;Average
52.0;28.901,51;Female;High School Diploma;Single;1;Rent;Average
23.0;22.571,20;Female;Bachelor's Degree;Single;2;Rent;Average
28.0;22.478,08;Female;High School Diploma;Married;2;Rent;Low
46.0;15.506,34;Female;Associate's Degree;Single;0;Rent;Average
46.0;15.812,40;Male;High School Diploma;Married;1;Own;Low
46.0;10.923,78;Female;Bachelor's Degree;Married;0;Rent;Low
80.0;52.827,56;Male;High School Diploma;Married;1;Rent;High
46.0;11.826,15;Female;Associate's Degree;Single;0;Own;Low
53.0;15.576,95;Male;Master's Degree;Married;1;Rent;Low
51.0;15.379,59;Male;High School Diploma;Single;3;Own;Low
47.0;34.456,82;Male;Bachelor's Degree;Married;3;Own;Average
36.0;19.006,29;Female;Associate's Degree;Married;3;Rent;Average
;41.104,42;Male;High School Diploma;Single;1;Own;Average
30.0;15.728,89;Male;Bachelor's Degree;Married;0;Rent;Low
37.0;25.323,73;Female;High School Diploma;Married;1;Own;Low
34.0;14.506,13;Male;Associate's Degree;Married;1;Own;Average
40.0;64.381,05;Female;Bachelor's Degree;Single;1;Rent;High
67.0;12.163,57;Female;Bachelor's Degree;Married;2;Own;Average
18.0;25.717,07;Male;Bachelor's Degree;Married;0;Own;High
;30.239,02;Male;High School Diploma;Married;0;Own;Average
20.0;27.089,45;Female;High School Diploma;Married;2;Own;Average
34.0;20.077,52;Male;Bachelor's Degree;Single;0;Own;Average
53.0;20.642,13;Female;Bachelor's Degree;Married;3;Rent;High
40.0;22.514,30;Female;Master's Degree;Married;0;Rent;Average
27.0;20.465,57;Female;Master's Degree;Married;0;Own;Average
31.0;35.665,52;Male;Master's Degree;Married;0;Own;High
48.0;66.520,24;Female;Associate's Degree;Single;0;Own;Average
31.0;16.668,14;Male;Associate's Degree;Single;0;Own;Average
;11.104,42;Male;Bachelor's Degree;Single;0;Own;Average
40.0;21.075,34;Male;Associate's Degree;Single;2;Own;Average
32.0;80.005,82;Male;High School Diploma;Married;2;Own;High
65.0;14.737,68;Female;Master's Degree;Single;1;Own;High
47.0;49.989,01;Male;Master's Degree;Single;1;Own;High
18.0;50.962,76;Female;Associate's Degree;Married;1;Rent;Average
42.0;16.700,70;Female;High School Diploma;Married;0;Own;Low
32.0;29.275,07;Male;Associate's Degree;Married;1;Rent;Average
50.0;49.721,78;Female;Master's Degree;Married;5;Own;High
30.0;18.222,93;Female;Master's Degree;Single;3;Own;Average
38.0;19.894,72;Male;High School Diploma;Married;3;Own;Low
46.0;16.467,76;Female;High School Diploma;Married;0;Own;Average
50.0;13.261,52;Female;Master's Degree;Single;1;Own;High
25.0;15.920,47;Female;Associate's Degree;Married;2;Rent;Low
35.0;11.944,54;Female;Bachelor's Degree;Married;1;Own;Average
34.0;22.405,05;Male;Doctorate;Single;2;Own;High
;14.988,12;Female;High School Diploma;Single;1;Rent;Low
61.0;24.757,73;Female;Bachelor's Degree;Single;2;Rent;Average
44.0;10.117,81;Female;High School Diploma;Single;1;Own;Average
24.0;25.989,30;Female;Associate's Degree;Married;2;Own;Average
51.0;33.415,14;Male;Master's Degree;Married;1;Own;High
65.0;8.128,50;Female;Associate's Degree;Single;1;Own;Low
52.0;26.556,46;Male;Doctorate;Married;3;Own;Average
21.0;40.693,94;Female;Bachelor's Degree;Married;1;Own;Average
34.0;12.030,25;Male;Associate's Degree;Married;2;Own;Low
55.0;50.832,25;Male;High School Diploma;Married;3;Own;Average
31.0;27.160,24;Male;Associate's Degree;Single;1;Rent;Low
45.0;15.482,94;Male;Associate's Degree;Married;0;Own;Average
49.0;21.420,75;Male;High School Diploma;Married;3;Rent;Average
28.0;29.119,50;Female;Associate's Degree;Married;2;Own;High
39.0;22.879,64;Female;Associate's Degree;Married;1;Own;Average
18.0;28.835,95;Female;Bachelor's Degree;Single;2;Rent;Average
27.0;13.900,27;Male;Bachelor's Degree;Married;0;Rent;Average
36.0;23.972,93;Female;Bachelor's Degree;Single;0;Own;Average
25.0;10.863,27;Male;High School Diploma;Married;0;Rent;Low
59.0;20.834,95;Male;High School Diploma;Married;2;Own;Average
22.0;14.017,28;Female;Bachelor's Degree;Single;0;Own;Average
34.0;15.248,48;Female;Associate's Degree;Married;2;Own;Average
41.0;40.865,71;Male;High School Diploma;Single;1;Rent;Average
57.0;38.011,92;Male;Master's Degree;Married;0;Rent;High
22.0;29.868,78;Female;Bachelor's Degree;Married;0;Own;High
53.0;12.757,10;Female;Bachelor's Degree;Married;2;Own;Average
40.0;18.803,45;Female;High School Diploma;Married;2;Own;Low
28.0;40.398,54;Female;Bachelor's Degree;Married;1;Rent;Low
45.0;23.643,85;Male;Bachelor's Degree;Married;0;Own;Average
42.0;70.239,41;Female;Bachelor's Degree;Married;4;Own;High
32.0;26.813,45;Female;Bachelor's Degree;Married;0;Own;Average
40.0;24.246,43;Female;Master's Degree;Single;2;Own;High
35.0;18.872,13;Male;Bachelor's Degree;Married;3;Rent;Average
41.0;23.547,39;Male;High School Diploma;Single;2;Rent;Low
47.0;20.409,69;Male;Bachelor's Degree;Married;1;Own;Average
59.0;31.384,03;Male;Bachelor's Degree;Single;1;Own;High
25.0;35.537,76;Female;Bachelor's Degree;Single;1;Rent;Average
65.0;14.868,58;Male;High School Diploma;Married;1;Rent;Average
18.0;11.320,65;Female;High School Diploma;Married;0;Own;Low
38.0;8.794,64;Female;Master's Degree;Single;2;Rent;Average
47.0;28.395,78;Female;Bachelor's Degree;Single;0;Own;Average
43.0;12.686,79;Female;Master's Degree;Married;3;Own;High
32.0;7.506,73;Male;Bachelor's Degree;Married;1;Own;Average
37.0;26.749,99;Male;Bachelor's Degree;Single;0;Own;Average
;76.611,29;Male;Bachelor's Degree;Single;3;Own;High
;21.959,71;Female;Master's Degree;Married;1;Own;High
50.0;33.498,15;Female;Bachelor's Degree;Single;1;Own;High
44.0;22.946,36;Female;Bachelor's Degree;Married;0;Own;Average
31.0;20.963,86;Female;High School Diploma;Married;1;Own;Low
50.0;34.875,44;Female;Associate's Degree;Married;0;Rent;Average
43.0;19.050,77;Male;Bachelor's Degree;Single;1;Rent;Average
;25.177,25;Female;High School Diploma;Married;1;Rent;Average
47.0;25.870,25;Male;High School Diploma;Married;2;Rent;High
30.0;15.771,42;Female;Associate's Degree;Married;3;Own;Average
33.0;36.171,30;Female;High School Diploma;Married;1;Own;Low
48.0;20.181,47;Male;High School Diploma;Married;1;Own;Low
47.0;15.095,13;Male;Associate's Degree;Married;0;Own;High
39.0;28.803,58;Female;Master's Degree;Married;0;Own;High
41.0;14.055,46;Female;Bachelor's Degree;Married;2;Own;Average
55.0;22.339,03;Female;High School Diploma;Married;0;Own;Average
;21.926,26;Female;High School Diploma;Married;1;Rent;Low
46.0;37.909,15;Male;Bachelor's Degree;Single;0;Rent;High
37.0;27.927,00;Female;Associate's Degree;Married;0;Own;Average
37.0;21.752,56;Male;Master's Degree;Married;2;Own;High
53.0;33.152,82;Female;Bachelor's Degree;Single;2;Rent;Average
49.0;44.139,21;Male;Bachelor's Degree;Single;2;Rent;Average
49.0;29.111,98;Male;High School Diploma;Married;0;Own;Average
55.0;22.140,78;Female;Bachelor's Degree;Married;2;Rent;Average
40.0;11.430,97;Male;High School Diploma;Married;2;Own;Low
48.0;12.931,78;Female;Master's Degree;Single;5;Own;High
36.0;18.908,89;Male;Bachelor's Degree;Married;1;Own;Low
43.0;16.240,18;Female;Associate's Degree;Single;2;Own;Low
38.0;20.060,63;Male;High School Diploma;Married;1;Own;Average
41.0;22.659,28;Female;High School Diploma;Single;1;Own;Low
47.0;28.705,57;Female;Bachelor's Degree;Single;3;Own;High
30.0;21.263,57;Male;High School Diploma;Single;2;Own;Average
65.0;28.092,30;Male;Bachelor's Degree;Single;0;Rent;High
27.0;22.748,11;Male;High School Diploma;Single;0;Own;Low
25.0;8.203,09;Male;Bachelor's Degree;Single;3;Own;Low
53.0;13.771,17;Female;Master's Degree;Married;1;Own;High
49.0;20.495,41;Male;Bachelor's Degree;Married;1;Own;High
47.0;12.029,93;Female;Bachelor's Degree;Single;0;Own;High
47.0;29.731,56;Male;High School Diploma;Married;1;Rent;Low
39.0;47.352,52;Female;High School Diploma;Single;1;Own;High
29.0;40.513,11;Female;Bachelor's Degree;Married;1;Own;High
40.0;19.796,86;Female;Associate's Degree;Single;0;Own;Low
31.0;46.414,31;Female;Associate's Degree;Single;1;Own;Average
51.0;23.726,17;Male;High School Diploma;Married;2;Rent;Average
38.0;18.610,05;Male;High School Diploma;Married;0;Own;Low
30.0;16.208,62;Female;High School Diploma;Married;3;Rent;Low
36.0;18.934,96;Male;Master's Degree;Married;1;Own;Average
44.0;18.140,67;Male;High School Diploma;Married;2;Own;Average
33.0;23.985,58;Female;Bachelor's Degree;Single;0;Rent;Average
30.0;23.867,83;Male;High School Diploma;Single;0;Own;Low
42.0;22.060,04;Male;Bachelor's Degree;Single;0;Rent;Average
42.0;27.404,68;Male;Associate's Degree;Single;2;Rent;Low
33.0;39.947,57;Female;Master's Degree;Married;2;Own;High
;35.410,97;Male;Master's Degree;Married;1;Own;Average
42.0;10.483,43;Female;Associate's Degree;Single;2;Own;Average
22.0;6.142,82;Male;Master's Degree;Married;0;Own;High
23.0;35.142,27;Male;Doctorate;Married;0;Own;Average
31.0;11.120,67;Male;Master's Degree;Single;0;Own;Average
;19.685,10;Female;Master's Degree;Single;2;Rent;Average
43.0;12.270,38;Female;High School Diploma;Single;2;Rent;Low
57.0;8.946,43;Male;Bachelor's Degree;Single;1;Own;High
50.0;28.875,00;Female;High School Diploma;Single;1;Own;Average
38.0;32.195,36;Male;High School Diploma;Married;0;Own;Average
39.0;16.510,38;Female;Doctorate;Single;1;Own;High
27.0;6.029,86;Female;Associate's Degree;Single;3;Own;Low
39.0;16.762,14;Male;Bachelor's Degree;Married;3;Rent;High
36.0;26.793,16;Male;Master's Degree;Married;2;Rent;High
43.0;10.514,85;Male;Master's Degree;Married;0;Own;Average
30.0;24.141,31;Male;Doctorate;Single;0;Own;Average
46.0;21.858,50;Female;High School Diploma;Single;0;Own;Average
58.0;29.426,35;Female;High School Diploma;Married;1;Rent;Low
38.0;23.383,60;Female;Associate's Degree;Single;0;Own;Low
44.0;13.540,84;Male;High School Diploma;Single;1;Rent;Low
48.0;40.066,10;Male;High School Diploma;Married;1;Rent;Average
35.0;20.347,95;Female;Associate's Degree;Married;3;Own;High
42.0;21.727,80;Male;Bachelor's Degree;Married;1;Rent;Average
40.0;13.813,01;Female;Bachelor's Degree;Married;0;Own;Average
41.0;17.647,67;Female;Associate's Degree;Married;0;Rent;Low
30.0;14.151,82;Female;Bachelor's Degree;Single;1;Own;Average
40.0;20.201,80;Female;High School Diploma;Single;1;Own;Low
45.0;51.836,73;Female;High School Diploma;Single;2;Rent;Average
57.0;11.092,78;Male;Bachelor's Degree;Single;1;Own;Average
51.0;9.830,25;Male;Bachelor's Degree;Married;2;Rent;Average
65.0;45.962,69;Male;Bachelor's Degree;Married;0;Own;High
30.0;19.837,67;Female;High School Diploma;Married;2;Rent;Low
50.0;15.763,68;Female;Master's Degree;Single;0;Rent;Average
42.0;37.047,36;Female;Bachelor's Degree;Single;2;Rent;High
66.0;16.271,86;Female;Bachelor's Degree;Single;1;Rent;Average
30.0;54.885,52;Male;Bachelor's Degree;Single;1;Own;High
29.0;30.913,95;Male;Master's Degree;Single;2;Own;High
32.0;17.258,23;Female;Bachelor's Degree;Married;3;Rent;Average
18.0;64.773,65;Female;Bachelor's Degree;Married;2;Own;Average
33.0;16.271,05;Female;Doctorate;Married;0;Rent;High
30.0;31.921,90;Male;Bachelor's Degree;Married;1;Own;High
41.0;25.582,05;Male;Associate's Degree;Married;2;Own;Average
44.0;42.229,35;Male;Bachelor's Degree;Single;2;Own;Average
62.0;48.086,44;Female;Associate's Degree;Single;0;Own;High
51.0;22.381,77;Female;High School Diploma;Single;1;Own;Low
;15.112,71;Male;Bachelor's Degree;Married;1;Rent;Low
29.0;27.722,12;Female;Master's Degree;Married;1;Own;High
45.0;15.695,70;Male;Master's Degree;Single;0;Own;High
24.0;60.276,26;Female;Associate's Degree;Married;2;Own;Average
61.0;23.582,68;Male;Bachelor's Degree;Married;1;Own;High
54.0;18.349,16;Female;High School Diploma;Single;0;Own;Average
34.0;24.157,26;Male;Doctorate;Single;2;Own;High
19.0;11.231,04;Male;Doctorate;Married;1;Own;High
56.0;13.550,69;Male;Bachelor's Degree;Married;1;Own;Average
38.0;40.143,14;Male;Master's Degree;Single;1;Own;High
54.0;15.859,96;Male;Bachelor's Degree;Married;3;Rent;Average
;13.050,01;Male;Bachelor's Degree;Single;1;Own;Average
32.0;28.805,64;Female;High School Diploma;Married;1;Own;Average
40.0;39.848,98;Female;Associate's Degree;Married;2;Rent;Average
40.0;31.554,66;Female;Bachelor's Degree;Married;1;Rent;Average
34.0;36.243,81;Male;Bachelor's Degree;Married;0;Own;Low
47.0;15.087,21;Male;Associate's Degree;Married;0;Rent;Average
27.0;10.819,38;Female;Master's Degree;Married;1;Rent;Low
38.0;46.661,13;Male;High School Diploma;Single;0;Own;Average
41.0;18.744,58;Male;Bachelor's Degree;Married;2;Rent;Average
46.0;19.430,19;Male;Bachelor's Degree;Single;1;Own;Average
48.0;42.791,60;Male;Bachelor's Degree;Married;2;Rent;Average
26.0;29.088,99;Male;Bachelor's Degree;Married;0;Rent;High
21.0;27.665,57;Female;High School Diploma;Married;2;Own;Low
55.0;65.023,31;Female;High School Diploma;Married;1;Own;Average
43.0;15.966,39;Female;Bachelor's Degree;Married;1;Rent;Low
31.0;35.028,60;Female;Bachelor's Degree;Single;3;Rent;Average
58.0;22.663,40;Female;High School Diploma;Married;4;Own;Low
41.0;25.192,36;Male;Bachelor's Degree;Single;3;Rent;Average
54.0;47.298,52;Male;Associate's Degree;Single;2;Rent;Low
40.0;28.393,57;Male;Bachelor's Degree;Single;1;Rent;Average
64.0;28.829,32;Male;Master's Degree;Married;0;Own;High
61.0;37.656,23;Female;High School Diploma;Married;2;Own;Average
37.0;18.352,55;Female;High School Diploma;Married;0;Own;Average
51.0;14.478,14;Female;Bachelor's Degree;Married;1;Own;High
;13.063,74;Male;Bachelor's Degree;Single;0;Own;Low
56.0;8.240,54;Female;Bachelor's Degree;Single;0;Own;Low
28.0;61.580,69;Male;Master's Degree;Married;3;Own;High
48.0;12.687,80;Female;Master's Degree;Married;0;Rent;Average
52.0;19.719,70;Female;Doctorate;Married;1;Own;Average
18.0;19.179,42;Male;Bachelor's Degree;Single;1;Own;Average
25.0;25.686,05;Male;Associate's Degree;Married;2;Own;Average
18.0;33.119,21;Female;Associate's Degree;Married;1;Own;Low
36.0;33.868,37;Female;High School Diploma;Single;1;Rent;Low
48.0;16.456,26;Male;Bachelor's Degree;Married;2;Own;Average
58.0;20.260,72;Female;High School Diploma;Married;2;Own;Average
;25.369,17;Female;Master's Degree;Married;1;Own;High
59.0;19.451,01;Male;Bachelor's Degree;Single;4;Rent;Average
23.0;49.201,18;Female;Bachelor's Degree;Married;1;Own;Average
19.0;28.155,20;Male;Associate's Degree;Single;1;Own;Average
39.0;31.806,91;Female;High School Diploma;Single;0;Own;Average
44.0;30.682,28;Male;High School Diploma;Married;3;Own;Average
39.0;39.606,04;Female;Associate's Degree;Married;0;Own;High
18.0;24.113,11;Male;High School Diploma;Single;0;Own;Average
;11.517,05;Female;Bachelor's Degree;Married;1;Own;Average
24.0;26.898,99;Male;Master's Degree;Married;1;Own;Average
48.0;15.903,93;Female;Master's Degree;Married;1;Rent;Average
44.0;16.910,53;Female;Bachelor's Degree;Married;1;Rent;Average
28.0;29.530,59;Female;High School Diploma;Married;1;Own;Low
33.0;40.910,48;Female;Master's Degree;Married;2;Own;High
27.0;22.261,98;Female;Master's Degree;Single;2;Own;Low
39.0;25.704,38;Female;High School Diploma;Single;1;Own;Average
51.0;51.591,26;Female;Bachelor's Degree;Married;2;Rent;High
28.0;24.844,13;Female;High School Diploma;Married;3;Own;Average
46.0;80.889,68;Female;Master's Degree;Married;2;Own;High
33.0;29.224,27;Male;Doctorate;Single;2;Rent;Average
30.0;9.132,72;Male;High School Diploma;Single;3;Rent;Low
38.0;32.101,91;Female;Master's Degree;Married;1;Own;Average
27.0;26.650,93;Male;Bachelor's Degree;Single;1;Rent;Average
33.0;41.976,97;Female;Doctorate;Married;2;Own;High
25.0;30.840,70;Female;Associate's Degree;Single;0;Rent;High
63.0;20.553,20;Male;Master's Degree;Married;0;Own;High
40.0;11.942,41;Female;High School Diploma;Married;1;Own;Low
;19.840,65;Female;Associate's Degree;Single;0;Own;Average
42.0;14.396,49;Male;High School Diploma;Married;1;Own;Average
38.0;16.477,29;Male;Doctorate;Single;0;Own;High
37.0;29.563,31;Female;Master's Degree;Married;1;Rent;Average
47.0;50.764,48;Male;Master's Degree;Married;1;Rent;High
49.0;26.831,61;Male;Master's Degree;Married;2;Own;High
33.0;12.113,29;Female;High School Diploma;Married;0;Own;Low
33.0;27.509,90;Male;Associate's Degree;Married;0;Own;Average
;40.067,30;Male;High School Diploma;Single;2;Own;Low
18.0;16.237,99;Female;High School Diploma;Single;1;Rent;Low
21.0;20.598,87;Male;High School Diploma;Married;2;Rent;Average
56.0;22.188,83;Male;Associate's Degree;Married;1;Own;Average
59.0;14.876,69;Female;High School Diploma;Married;1;Own;Average
37.0;30.459,10;Female;High School Diploma;Married;1;Own;Low
46.0;20.733,91;Female;High School Diploma;Married;2;Own;Average
43.0;27.167,22;Male;High School Diploma;Married;1;Rent;Average
76.0;14.132,80;Female;Doctorate;Married;0;Own;High
53.0;17.699,13;Female;Bachelor's Degree;Married;0;Rent;Average
38.0;31.608,79;Male;Doctorate;Married;1;Own;High
28.0;18.280,38;Female;Associate's Degree;Single;0;Rent;Low
20.0;52.233,64;Female;High School Diploma;Single;4;Own;High
42.0;18.037,03;Female;Bachelor's Degree;Single;0;Rent;Low
30.0;24.645,32;Female;Associate's Degree;Single;3;Own;Average
22.0;35.111,90;Male;High School Diploma;Single;1;Own;Average
32.0;10.838,04;Female;High School Diploma;Married;0;Own;Average
27.0;9.132,51;Female;High School Diploma;Married;0;Own;Low
60.0;10.271,95;Male;High School Diploma;Married;4;Own;Low
50.0;41.410,60;Female;Associate's Degree;Married;0;Rent;Average
39.0;16.715,15;Male;Bachelor's Degree;Single;0;Own;High
57.0;79.149,97;Male;High School Diploma;Single;1;Own;Average
40.0;16.611,93;Male;High School Diploma;Single;1;Rent;Low
29.0;24.155,70;Female;Master's Degree;Married;0;Rent;Low
58.0;47.622,23;Male;High School Diploma;Single;0;Own;Average
46.0;60.056,82;Male;Associate's Degree;Single;2;Own;Average
27.0;61.743,98;Male;Master's Degree;Married;2;Own;High
37.0;40.303,08;Female;High School Diploma;Married;0;Own;Average
29.0;36.755,06;Female;High School Diploma;Single;2;Rent;Average
23.0;29.621,73;Female;Associate's Degree;Married;1;Rent;Average
51.0;32.506,02;Female;Associate's Degree;Married;3;Own;Average
62.0;16.720,77;Female;Bachelor's Degree;Married;0;Rent;Average
23.0;14.631,04;Female;Master's Degree;Married;0;Own;High
46.0;21.989,33;Female;High School Diploma;Single;0;Own;Average
32.0;20.229,71;Male;Bachelor's Degree;Single;0;Rent;Average
34.0;17.560,12;Male;Bachelor's Degree;Married;2;Own;Average
32.0;31.200,63;Male;High School Diploma;Married;1;Rent;Low
29.0;35.512,95;Male;Bachelor's Degree;Married;0;Own;High
40.0;23.021,95;Female;High School Diploma;Married;0;Rent;Low
30.0;46.109,07;Male;Associate's Degree;Married;1;Own;Average
43.0;12.446,01;Male;High School Diploma;Married;1;Rent;Low
39.0;19.993,66;Male;Associate's Degree;Married;1;Own;High
37.0;15.391,78;Male;Associate's Degree;Married;0;Own;Average
29.0;8.662,27;Female;Master's Degree;Single;0;Rent;Average
33.0;21.134,45;Female;High School Diploma;Married;1;Own;Low
49.0;20.725,63;Female;Associate's Degree;Single;2;Rent;High
46.0;46.944,67;Male;Associate's Degree;Single;1;Own;Average
28.0;30.194,22;Female;Bachelor's Degree;Married;0;Rent;Average
41.0;13.199,14;Male;Bachelor's Degree;Single;1;Own;Average
49.0;55.661,63;Female;Bachelor's Degree;Single;0;Rent;Average
19.0;40.559,16;Female;Bachelor's Degree;Single;0;Own;Average
46.0;29.467,67;Female;Master's Degree;Married;1;Rent;High
32.0;19.668,19;Female;Associate's Degree;Married;2;Own;Average
46.0;13.633,43;Female;Bachelor's Degree;Married;0;Rent;Average
30.0;18.286,10;Male;Master's Degree;Single;0;Own;Average
18.0;37.963,27;Female;Doctorate;Married;4;Own;High
20.0;56.516,80;Male;Master's Degree;Married;0;Rent;High
40.0;47.649,23;Male;Associate's Degree;Single;0;Own;High
43.0;17.250,14;Male;High School Diploma;Married;1;Rent;Average
29.0;12.584,12;Male;Associate's Degree;Single;0;Own;Low
47.0;23.634,04;Male;Bachelor's Degree;Married;1;Own;High
20.0;9.097,73;Female;Associate's Degree;Married;2;Own;Low
39.0;25.889,27;Female;Associate's Degree;Married;1;Own;Low
25.0;20.459,42;Female;Master's Degree;Single;1;Rent;Low
32.0;17.448,03;Female;Associate's Degree;Married;0;Own;Average
40.0;9.923,38;Male;Master's Degree;Married;1;Rent;Low
29.0;28.475,52;Female;Associate's Degree;Married;1;Own;Average
35.0;16.876,03;Female;Associate's Degree;Married;2;Own;Average
52.0;12.271,58;Male;Associate's Degree;Single;1;Own;Average
33.0;5.238,91;Male;Bachelor's Degree;Single;0;Rent;Low
50.0;21.725,51;Female;High School Diploma;Married;2;Rent;Average
26.0;53.429,90;Female;High School Diploma;Married;1;Rent;Average
46.0;50.545,52;Male;Doctorate;Married;1;Rent;High
57.0;17.526,19;Female;High School Diploma;Single;2;Rent;Average
18.0;16.299,57;Female;Bachelor's Degree;Married;2;Own;Average
30.0;27.844,40;Female;Bachelor's Degree;Single;0;Own;Average
46.0;13.370,52;Female;Associate's Degree;Married;2;Own;Average
37.0;25.614,04;Male;Bachelor's Degree;Married;4;Own;Average
;32.307,03;Male;High School Diploma;Married;3;Rent;Low
32.0;40.678,97;Male;Bachelor's Degree;Single;0;Own;Average
41.0;20.950,61;Female;Associate's Degree;Married;2;Rent;Low
38.0;19.893,79;Female;Bachelor's Degree;Single;1;Own;Average
54.0;14.200,16;Female;High School Diploma;Single;1;Own;Average
43.0;14.567,67;Female;Bachelor's Degree;Married;1;Rent;Average
44.0;19.668,24;Female;High School Diploma;Married;3;Own;Average
35.0;26.467,76;Male;High School Diploma;Single;0;Rent;Low
34.0;34.779,81;Female;High School Diploma;Married;1;Own;Average
34.0;14.741,33;Female;High School Diploma;Married;4;Own;Average
44.0;46.459,87;Male;Master's Degree;Married;1;Rent;High
34.0;19.234,06;Female;High School Diploma;Single;2;Own;Average
43.0;21.792,40;Male;Master's Degree;Married;2;Own;High
64.0;15.159,67;Male;Doctorate;Single;0;Own;High
50.0;6.554,32;Male;Bachelor's Degree;Single;2;Rent;Average
36.0;34.269,90;Male;High School Diploma;Single;3;Own;Average
54.0;31.838,19;Male;Associate's Degree;Married;0;Rent;High
35.0;19.136,18;Female;Bachelor's Degree;Single;2;Rent;Low
18.0;22.776,75;Male;Associate's Degree;Single;2;Rent;Low
27.0;28.508,84;Male;High School Diploma;Single;2;Rent;Average
18.0;10.084,22;Female;Bachelor's Degree;Married;2;Rent;Average
;16.906,84;Female;Master's Degree;Married;0;Own;High
40.0;32.765,53;Male;Bachelor's Degree;Single;1;Rent;Average
60.0;11.764,66;Female;High School Diploma;Married;2;Rent;Low
43.0;25.508,81;Female;Bachelor's Degree;Married;1;Rent;Average
37.0;11.178,07;Male;High School Diploma;Married;1;Own;Average
49.0;27.811,78;Male;High School Diploma;Single;1;Own;High
18.0;21.637,41;Female;Master's Degree;Married;1;Rent;High
42.0;9.822,53;Male;High School Diploma;Married;2;Rent;Low
49.0;39.433,45;Male;High School Diploma;Married;0;Rent;Average
22.0;15.255,63;Female;High School Diploma;Single;3;Rent;Low
53.0;14.689,29;Male;Master's Degree;Married;0;Rent;Average
44.0;24.349,94;Male;Bachelor's Degree;Married;2;Own;High
35.0;39.117,24;Male;Bachelor's Degree;Married;1;Rent;High
47.0;13.254,46;Male;Bachelor's Degree;Single;0;Own;Average
67.0;22.716,34;Male;High School Diploma;Single;2;Rent;Average
42.0;27.293,62;Female;Associate's Degree;Married;0;Own;Average
42.0;31.149,48;Female;Associate's Degree;Married;0;Own;High
34.0;24.057,95;Male;High School Diploma;Single;2;Own;Low
29.0;18.333,51;Female;Associate's Degree;Married;0;Own;Low
49.0;14.562,50;Male;Master's Degree;Single;1;Own;High
29.0;22.995,92;Male;High School Diploma;Married;0;Own;Low
40.0;12.886,44;Male;High School Diploma;Married;1;Own;Low
34.0;5.111,89;Male;High School Diploma;Married;0;Own;Low
45.0;27.399,50;Male;High School Diploma;Married;3;Own;Average
44.0;34.612,40;Female;Master's Degree;Single;0;Own;High
52.0;6.758,35;Female;Associate's Degree;Married;0;Rent;Low
33.0;13.294,88;Male;Associate's Degree;Single;3;Own;Average
36.0;30.018,74;Female;Bachelor's Degree;Married;1;Rent;Low
28.0;61.620,37;Male;High School Diploma;Married;3;Rent;Average
34.0;22.256,67;Female;Associate's Degree;Married;2;Own;Average
44.0;15.305,97;Male;Associate's Degree;Single;0;Rent;Low
49.0;20.101,54;Female;Bachelor's Degree;Married;1;Own;High
28.0;43.802,15;Male;Doctorate;Single;1;Rent;High
50.0;15.946,87;Male;Bachelor's Degree;Single;1;Own;Average
56.0;14.770,75;Female;Associate's Degree;Married;0;Own;Average
44.0;17.302,88;Female;Master's Degree;Married;2;Own;Low
62.0;13.675,15;Male;High School Diploma;Married;2;Own;Average
30.0;23.419,75;Female;High School Diploma;Single;0;Own;Average
25.0;49.629,43;Male;High School Diploma;Single;0;Own;Average
18.0;25.888,12;Female;Associate's Degree;Married;5;Own;Average
57.0;19.415,43;Female;Bachelor's Degree;Married;0;Rent;High
47.0;19.036,14;Male;Bachelor's Degree;Single;0;Own;High
39.0;10.080,97;Female;Master's Degree;Married;1;Own;High
43.0;34.253,87;Female;Bachelor's Degree;Married;2;Own;Average
26.0;21.185,69;Male;Bachelor's Degree;Married;1;Own;Average
69.0;20.125,84;Female;High School Diploma;Married;2;Own;Average
41.0;108.722,47;Male;High School Diploma;Married;1;Rent;High
41.0;25.575,15;Male;Bachelor's Degree;Married;1;Rent;Low
48.0;15.125,00;Male;Associate's Degree;Married;2;Rent;Average
45.0;17.797,64;Male;Master's Degree;Single;1;Own;High
42.0;39.113,50;Male;High School Diploma;Married;1;Own;High
;23.309,94;Female;High School Diploma;Married;1;Rent;Average
45.0;10.730,67;Male;Associate's Degree;Married;1;Own;Low
62.0;34.878,10;Male;High School Diploma;Single;1;Own;High
56.0;15.771,00;Female;High School Diploma;Married;2;Own;Average
59.0;56.198,70;Female;Bachelor's Degree;Married;0;Rent;High
33.0;37.798,47;Female;High School Diploma;Single;1;Rent;Average
28.0;17.612,06;Male;Bachelor's Degree;Married;4;Rent;Low
38.0;41.794,00;Male;High School Diploma;Married;0;Rent;Average
40.0;22.786,60;Male;High School Diploma;Single;0;Rent;Low
53.0;33.738,23;Female;Associate's Degree;Married;1;Rent;Average
19.0;28.067,47;Male;Master's Degree;Married;2;Own;Average
58.0;14.426,49;Female;Associate's Degree;Married;4;Rent;Low
38.0;15.966,13;Male;Bachelor's Degree;Single;2;Own;Low
34.0;36.863,62;Female;High School Diploma;Single;0;Rent;Low
;18.631,56;Male;Bachelor's Degree;Married;0;Rent;Low
20.0;18.000,88;Male;High School Diploma;Single;1;Own;Low
49.0;13.662,89;Male;Bachelor's Degree;Married;0;Rent;High
40.0;27.222,51;Female;Bachelor's Degree;Single;1;Own;Average
24.0;61.775,52;Female;Master's Degree;Single;3;Rent;High
24.0;12.916,15;Male;Associate's Degree;Single;0;Own;Low
35.0;22.294,82;Male;High School Diploma;Married;3;Own;Low
60.0;44.627,71;Male;High School Diploma;Married;1;Own;Average
36.0;21.166,59;Female;Master's Degree;Single;0;Own;Average
21.0;27.616,97;Male;Bachelor's Degree;Single;1;Own;High
37.0;12.949,38;Male;Bachelor's Degree;Single;0;Own;Low
36.0;27.286,67;Male;High School Diploma;Married;1;Own;Average
18.0;20.058,89;Male;Associate's Degree;Married;2;Rent;Low
39.0;36.057,31;Female;High School Diploma;Married;1;Rent;Low
37.0;39.882,50;Female;Doctorate;Married;1;Own;High
48.0;80.400,99;Male;Bachelor's Degree;Married;4;Own;High
62.0;29.431,38;Male;Master's Degree;Single;4;Own;High
53.0;25.923,32;Female;High School Diploma;Married;1;Rent;Average
36.0;24.274,75;Female;Bachelor's Degree;Single;1;Own;Average
26.0;18.461,02;Male;Bachelor's Degree;Single;1;Rent;Low
70.0;26.088,29;Female;Associate's Degree;Married;0;Own;High
40.0;19.002,00;Female;Master's Degree;Married;2;Rent;Low
40.0;23.962,14;Male;Master's Degree;Married;2;Own;Average
;42.565,48;Female;Master's Degree;Married;0;Rent;Average
42.0;13.316,09;Female;Bachelor's Degree;Married;1;Own;Average
38.0;38.946,31;Male;High School Diploma;Single;1;Own;High
33.0;42.555,21;Male;High School Diploma;Married;1;Own;Average
33.0;20.763,79;Female;Doctorate;Married;0;Own;High
39.0;7.624,12;Male;High School Diploma;Married;1;Own;Low
33.0;16.253,91;Female;Bachelor's Degree;Married;0;Own;Average
31.0;42.129,24;Male;Bachelor's Degree;Single;1;Own;High
41.0;21.776,05;Female;Bachelor's Degree;Married;0;Rent;Average
36.0;13.364,39;Male;Doctorate;Married;5;Own;Average
58.0;17.113,32;Female;Associate's Degree;Single;3;Own;Average
18.0;33.533,83;Female;Associate's Degree;Married;0;Rent;Low
53.0;28.951,20;Female;High School Diploma;Married;3;Rent;Low
54.0;19.546,16;Male;Associate's Degree;Married;0;Own;Average
18.0;18.335,38;Male;High School Diploma;Married;0;Rent;Low
35.0;18.108,21;Female;Associate's Degree;Single;1;Own;Average
35.0;13.888,20;Female;Master's Degree;Single;0;Rent;Average
23.0;49.399,12;Male;Master's Degree;Single;1;Own;High
30.0;18.747,95;Male;High School Diploma;Married;2;Own;Low
26.0;40.480,65;Male;Associate's Degree;Single;3;Own;Average
61.0;47.129,67;Male;Master's Degree;Single;0;Own;High
51.0;36.284,85;Male;High School Diploma;Married;0;Own;Average
55.0;17.750,87;Male;High School Diploma;Married;2;Own;Low
48.0;26.953,41;Female;High School Diploma;Married;1;Rent;Low
26.0;21.761,60;Male;Bachelor's Degree;Single;2;Rent;Low
33.0;14.018,72;Female;High School Diploma;Single;1;Rent;Low
45.0;25.904,70;Male;Doctorate;Single;1;Own;High
25.0;12.215,73;Male;Associate's Degree;Married;0;Rent;Low
48.0;39.888,35;Female;Bachelor's Degree;Married;1;Rent;Low
37.0;17.460,41;Female;High School Diploma;Married;2;Own;Low
35.0;24.357,13;Male;Associate's Degree;Single;2;Own;Average
48.0;25.378,15;Female;Bachelor's Degree;Married;0;Own;Average
45.0;19.351,93;Female;Bachelor's Degree;Single;2;Rent;Average
35.0;29.535,46;Female;Bachelor's Degree;Single;1;Rent;Average
53.0;17.370,84;Female;Bachelor's Degree;Married;1;Own;High
27.0;34.052,16;Male;Master's Degree;Married;1;Rent;Low
47.0;11.237,48;Female;Master's Degree;Single;1;Own;High
47.0;23.463,23;Male;Bachelor's Degree;Single;1;Own;High
;58.073,49;Male;High School Diploma;Married;0;Own;High
43.0;13.357,51;Male;High School Diploma;Single;0;Rent;Average
24.0;15.695,47;Male;High School Diploma;Single;1;Own;Average
51.0;28.479,90;Female;Bachelor's Degree;Single;2;Own;Average
;24.095,75;Female;Associate's Degree;Single;1;Own;Low
33.0;26.247,21;Male;Associate's Degree;Single;3;Rent;Low
52.0;28.130,05;Male;Master's Degree;Married;1;Rent;Average
31.0;30.253,31;Male;Master's Degree;Single;1;Rent;Average
23.0;38.363,05;Male;Master's Degree;Married;0;Own;High
21.0;27.035,59;Female;Associate's Degree;Married;2;Own;Average
47.0;19.523,44;Male;Bachelor's Degree;Married;2;Own;Average
24.0;30.831,34;Female;High School Diploma;Married;0;Own;Low
61.0;56.950,68;Male;High School Diploma;Married;0;Own;High
18.0;20.613,12;Male;High School Diploma;Single;0;Own;Low
60.0;13.530,96;Male;Associate's Degree;Married;2;Own;Average
42.0;38.312,84;Male;Associate's Degree;Married;1;Rent;Average
;20.739,79;Female;Master's Degree;Married;2;Own;High
33.0;7.432,85;Female;High School Diploma;Married;0;Rent;Low
44.0;33.648,07;Female;Bachelor's Degree;Married;2;Own;High
39.0;16.853,88;Male;Bachelor's Degree;Married;2;Own;High
53.0;21.051,63;Male;High School Diploma;Single;0;Own;Low
41.0;26.003,60;Female;Associate's Degree;Married;0;Rent;Low
41.0;24.227,65;Female;High School Diploma;Married;1;Own;Average
35.0;31.405,11;Male;Bachelor's Degree;Married;1;Rent;Average
39.0;17.716,59;Male;Associate's Degree;Single;1;Own;Average
43.0;28.468,48;Female;High School Diploma;Married;1;Rent;Low
19.0;19.345,72;Male;High School Diploma;Single;2;Own;Low
23.0;31.869,52;Male;Bachelor's Degree;Single;3;Own;Average
48.0;29.961,96;Female;Master's Degree;Married;1;Own;High
42.0;13.798,02;Male;Associate's Degree;Single;2;Own;Average
37.0;37.910,79;Female;Bachelor's Degree;Married;2;Rent;Average
40.0;16.848,52;Male;Bachelor's Degree;Single;0;Rent;High
44.0;32.992,28;Female;Master's Degree;Married;2;Own;High
33.0;26.466,73;Male;Master's Degree;Single;2;Rent;Low
30.0;55.220,63;Female;Bachelor's Degree;Single;3;Rent;Average
42.0;19.697,89;Female;Bachelor's Degree;Single;1;Own;High
28.0;18.496,59;Female;Master's Degree;Single;1;Own;Average
44.0;21.813,63;Female;Associate's Degree;Single;0;Rent;High
;18.928,24;Male;Associate's Degree;Single;0;Rent;Low
52.0;32.858,67;Male;High School Diploma;Married;1;Rent;Average
45.0;9.816,74;Female;Master's Degree;Single;1;Own;High
43.0;13.005,91;Male;Master's Degree;Married;0;Own;Average
51.0;12.914,40;Male;High School Diploma;Single;1;Own;Average
59.0;35.424,32;Male;Bachelor's Degree;Married;1;Own;High
52.0;51.808,35;Male;Associate's Degree;Married;2;Rent;High
18.0;20.905,66;Male;High School Diploma;Married;1;Own;Low
24.0;20.243,50;Female;Doctorate;Single;0;Own;High
32.0;22.811,64;Female;High School Diploma;Single;1;Rent;Average
40.0;39.377,08;Female;High School Diploma;Married;0;Own;Average
46.0;13.853,92;Female;Bachelor's Degree;Single;0;Own;High
31.0;24.814,53;Male;Bachelor's Degree;Single;0;Own;Average
42.0;35.867,93;Male;High School Diploma;Single;2;Own;Average
30.0;28.298,02;Female;Bachelor's Degree;Single;1;Rent;Low
32.0;24.216,53;Male;Bachelor's Degree;Single;1;Rent;Low
23.0;36.334,50;Male;High School Diploma;Married;1;Own;Average
28.0;5.700,93;Female;High School Diploma;Single;1;Rent;Average
23.0;30.913,17;Male;Bachelor's Degree;Married;1;Own;Average
28.0;15.882,33;Female;High School Diploma;Single;1;Own;Low
52.0;8.819,17;Female;Master's Degree;Single;1;Own;Average
;28.441,41;Male;Master's Degree;Married;3;Own;Average
71.0;43.775,49;Male;Doctorate;Single;1;Own;High
45.0;20.563,56;Female;High School Diploma;Married;1;Own;High
;35.469,81;Female;Doctorate;Married;2;Own;High
29.0;49.322,67;Male;Associate's Degree;Single;1;Rent;Low
48.0;42.508,41;Female;Associate's Degree;Married;3;Rent;Average
33.0;50.010,20;Female;High School Diploma;Single;1;Rent;Low
41.0;31.922,42;Female;High School Diploma;Married;0;Rent;Average
70.0;22.873,10;Male;Bachelor's Degree;Single;3;Rent;High
38.0;9.887,41;Female;Associate's Degree;Married;0;Rent;Average
53.0;19.476,59;Male;High School Diploma;Single;1;Own;Average
31.0;14.448,95;Female;Bachelor's Degree;Married;0;Own;Average
39.0;65.216,73;Male;High School Diploma;Married;1;Rent;High
61.0;20.172,13;Female;Bachelor's Degree;Married;2;Own;High
32.0;23.426,01;Male;Associate's Degree;Married;0;Own;Average
61.0;29.020,06;Male;Master's Degree;Married;1;Rent;High
48.0;22.511,94;Male;Master's Degree;Married;3;Own;High
33.0;51.406,79;Female;Associate's Degree;Single;2;Own;High
47.0;16.133,86;Female;Associate's Degree;Single;2;Own;Average
51.0;24.277,46;Female;Associate's Degree;Single;0;Own;Average
47.0;15.195,65;Male;Master's Degree;Single;1;Rent;Average
21.0;11.384,28;Female;Associate's Degree;Single;0;Own;Low
31.0;16.221,87;Male;High School Diploma;Married;2;Rent;Low
37.0;21.622,32;Female;High School Diploma;Single;2;Own;Low
39.0;17.771,46;Male;Associate's Degree;Married;2;Own;Average
47.0;15.580,72;Male;Associate's Degree;Single;1;Own;Average
42.0;10.903,52;Male;Master's Degree;Single;0;Rent;Average
23.0;21.129,96;Female;High School Diploma;Married;0;Own;Average
;10.380,04;Female;Associate's Degree;Married;2;Own;Average
47.0;32.209,86;Female;Master's Degree;Married;1;Own;High
46.0;22.953,37;Male;Master's Degree;Married;0;Own;Average
52.0;10.627,75;Male;Associate's Degree;Single;0;Own;Average
;18.871,26;Female;Associate's Degree;Married;0;Own;High
45.0;15.122,24;Female;Associate's Degree;Single;0;Own;Average
39.0;25.837,63;Female;Master's Degree;Single;3;Own;High
20.0;43.054,64;Male;High School Diploma;Married;1;Own;Average
45.0;8.624,94;Male;Master's Degree;Single;0;Own;High
42.0;23.330,41;Male;Bachelor's Degree;Single;2;Rent;Average
43.0;20.331,64;Male;Bachelor's Degree;Married;1;Own;Average
24.0;30.812,32;Male;High School Diploma;Married;3;Own;Low
27.0;24.504,16;Female;Associate's Degree;Single;1;Rent;Average
52.0;15.123,65;Male;Associate's Degree;Single;1;Own;Average
39.0;18.778,60;Male;High School Diploma;Single;5;Own;Average
48.0;14.794,15;Male;Bachelor's Degree;Single;1;Own;Average
40.0;37.722,18;Male;Doctorate;Married;1;Own;High
40.0;22.262,43;Male;Bachelor's Degree;Single;1;Rent;Low
51.0;56.987,96;Female;Bachelor's Degree;Married;1;Rent;High
33.0;21.368,42;Male;High School Diploma;Single;0;Own;Low
41.0;15.456,68;Male;Associate's Degree;Married;1;Rent;Average
34.0;10.333,46;Male;High School Diploma;Single;0;Rent;Low
34.0;8.941,25;Female;Bachelor's Degree;Married;0;Own;Average
36.0;9.975,95;Female;Master's Degree;Single;1;Rent;Average
42.0;25.173,91;Female;Bachelor's Degree;Married;2;Own;High
34.0;28.406,19;Male;High School Diploma;Single;1;Own;Average
55.0;9.990,65;Female;Associate's Degree;Single;1;Rent;Low
29.0;34.458,78;Male;Bachelor's Degree;Married;0;Rent;Average
;17.300,13;Male;Associate's Degree;Married;2;Own;Average
34.0;23.703,94;Female;Master's Degree;Married;0;Own;Low
57.0;49.321,25;Male;Master's Degree;Married;3;Rent;High
42.0;34.489,83;Male;Bachelor's Degree;Married;3;Own;High
52.0;19.259,02;Male;Associate's Degree;Single;1;Rent;Average
22.0;14.106,68;Female;High School Diploma;Single;0;Own;Low
43.0;7.510,76;Male;High School Diploma;Single;1;Rent;Low
50.0;15.373,85;Male;Associate's Degree;Married;1;Rent;Average
40.0;19.819,76;Female;Associate's Degree;Single;3;Rent;Low
52.0;13.445,64;Male;Bachelor's Degree;Single;1;Own;High
33.0;20.627,32;Male;Bachelor's Degree;Married;0;Own;Average
56.0;22.889,33;Female;High School Diploma;Married;2;Own;High
67.0;19.684,21;Male;Associate's Degree;Single;0;Own;High
35.0;15.914,70;Male;High School Diploma;Single;0;Rent;Low
34.0;23.964,46;Male;High School Diploma;Single;1;Rent;Low
57.0;27.473,31;Male;Master's Degree;Single;1;Own;High
58.0;12.769,32;Male;High School Diploma;Single;1;Own;Average
33.0;44.598,98;Female;Associate's Degree;Married;0;Own;Average
34.0;20.967,02;Female;High School Diploma;Married;3;Rent;Low
36.0;22.235,04;Female;Master's Degree;Married;1;Own;High
23.0;31.385,69;Female;Bachelor's Degree;Single;0;Rent;Average
28.0;24.750,68;Male;High School Diploma;Married;2;Own;Average
27.0;35.474,46;Male;Bachelor's Degree;Single;2;Rent;Average
30.0;25.426,88;Male;Bachelor's Degree;Married;1;Own;High
39.0;16.216,45;Male;Doctorate;Married;1;Rent;Average
42.0;26.390,30;Male;High School Diploma;Single;2;Own;Average
58.0;12.433,34;Female;Master's Degree;Single;0;Own;Average
28.0;23.255,10;Female;Master's Degree;Married;1;Own;Average
51.0;21.663,52;Male;Master's Degree;Single;2;Own;High
37.0;19.849,65;Male;Bachelor's Degree;Married;0;Own;Average
39.0;20.655,38;Male;Bachelor's Degree;Single;1;Own;Average
48.0;8.596,20;Female;Associate's Degree;Married;1;Own;Average
26.0;16.741,36;Male;Bachelor's Degree;Single;1;Rent;Average
44.0;23.073,09;Male;Bachelor's Degree;Single;2;Own;Average
41.0;23.859,27;Male;Bachelor's Degree;Married;1;Own;Average
;13.176,13;Female;Associate's Degree;Single;1;Own;Low
43.0;41.475,32;Male;Bachelor's Degree;Single;3;Own;High
69.0;14.284,25;Female;Master's Degree;Single;2;Rent;Average
32.0;35.765,13;Female;High School Diploma;Single;1;Rent;Low
33.0;27.271,49;Female;Master's Degree;Single;0;Rent;Average
32.0;15.944,77;Female;Bachelor's Degree;Single;0;Rent;High
33.0;53.511,69;Female;Master's Degree;Married;0;Own;High
32.0;12.126,90;Female;Associate's Degree;Single;1;Own;Average
54.0;34.876,80;Male;Associate's Degree;Married;0;Own;High
57.0;36.326,08;Male;Master's Degree;Single;0;Own;High
33.0;15.751,48;Male;High School Diploma;Single;3;Rent;Low
30.0;44.189,07;Female;Master's Degree;Married;1;Own;Average
45.0;19.437,84;Male;Associate's Degree;Single;0;Own;Average
33.0;25.446,84;Female;Bachelor's Degree;Married;0;Own;Average
47.0;25.088,40;Female;Associate's Degree;Single;0;Own;Average
42.0;20.595,87;Female;Bachelor's Degree;Married;2;Own;High
21.0;33.037,68;Male;Associate's Degree;Married;2;Own;Average
58.0;32.752,82;Female;High School Diploma;Married;0;Own;High
61.0;9.188,74;Female;High School Diploma;Married;2;Rent;Low
32.0;42.284,26;Male;High School Diploma;Married;1;Rent;Low
35.0;9.592,66;Male;Doctorate;Single;2;Own;Average
43.0;36.911,30;Female;Doctorate;Single;0;Own;High
44.0;38.690,62;Female;Associate's Degree;Married;1;Own;Average
47.0;12.765,70;Male;Bachelor's Degree;Single;2;Own;Average
64.0;17.936,50;Male;Associate's Degree;Single;2;Own;Average
37.0;12.671,97;Male;Bachelor's Degree;Married;3;Rent;Average
30.0;19.782,23;Female;Master's Degree;Single;2;Own;Average
;18.882,35;Male;Master's Degree;Married;0;Own;High
31.0;32.527,15;Male;Associate's Degree;Married;1;Rent;Average
39.0;42.410,63;Male;Bachelor's Degree;Married;2;Own;Average
61.0;44.260,23;Female;High School Diploma;Married;0;Own;High
33.0;16.629,21;Male;Doctorate;Single;1;Own;High
42.0;19.838,68;Male;High School Diploma;Single;2;Own;Low
39.0;9.492,72;Male;Bachelor's Degree;Married;2;Rent;High
54.0;14.721,51;Male;Bachelor's Degree;Single;2;Own;High
70.0;35.682,86;Male;Bachelor's Degree;Married;0;Own;High
33.0;49.404,23;Female;High School Diploma;Married;2;Own;Average
34.0;11.882,54;Female;Master's Degree;Married;1;Rent;Average
;16.379,21;Female;High School Diploma;Single;1;Own;Low
48.0;21.737,56;Male;Bachelor's Degree;Married;1;Rent;High
62.0;25.338,51;Female;High School Diploma;Married;2;Rent;Average
47.0;14.694,05;Female;Associate's Degree;Married;1;Own;High
35.0;27.228,80;Female;Bachelor's Degree;Single;0;Rent;Average
47.0;17.380,09;Male;Associate's Degree;Married;4;Own;Average
53.0;21.867,87;Male;High School Diploma;Married;1;Rent;Low
49.0;28.944,69;Female;High School Diploma;Married;0;Own;Average
46.0;22.097,31;Female;Associate's Degree;Married;0;Rent;Average
;17.708,62;Male;Bachelor's Degree;Single;1;Rent;Low
54.0;20.851,79;Male;Master's Degree;Married;0;Rent;Average
56.0;21.074,49;Female;High School Diploma;Married;0;Own;High
47.0;18.306,19;Male;Associate's Degree;Single;4;Own;Low
;19.352,99;Female;High School Diploma;Married;1;Rent;Average
41.0;48.987,65;Male;High School Diploma;Married;0;Own;Low
54.0;29.157,27;Female;Bachelor's Degree;Married;2;Own;High
30.0;19.001,25;Female;Bachelor's Degree;Married;1;Own;Low
;31.209,48;Male;High School Diploma;Married;0;Own;Low
35.0;18.640,47;Female;High School Diploma;Married;0;Own;Average
40.0;39.599,13;Female;High School Diploma;Single;0;Rent;Average
55.0;26.497,91;Female;Master's Degree;Single;0;Own;High
42.0;20.875,86;Male;Doctorate;Married;1;Own;Average
40.0;27.552,77;Male;High School Diploma;Married;0;Own;Average
23.0;10.042,30;Male;High School Diploma;Married;2;Rent;Low
48.0;12.539,22;Female;Master's Degree;Married;0;Rent;Average
47.0;12.125,15;Male;Master's Degree;Single;1;Own;High
65.0;23.658,35;Female;Associate's Degree;Married;4;Own;High
36.0;52.378,82;Female;High School Diploma;Single;1;Own;Average
42.0;67.214,89;Male;High School Diploma;Married;2;Own;High
42.0;30.303,71;Male;Bachelor's Degree;Married;1;Rent;Average
58.0;28.294,49;Female;Associate's Degree;Single;2;Rent;High
38.0;8.950,56;Female;High School Diploma;Single;1;Own;Average
43.0;16.792,09;Male;Bachelor's Degree;Married;1;Rent;Low
47.0;14.855,24;Male;High School Diploma;Married;2;Rent;Average
42.0;16.148,40;Male;Bachelor's Degree;Single;1;Own;Average
34.0;20.250,36;Female;Associate's Degree;Married;2;Own;Average
42.0;17.395,29;Female;High School Diploma;Married;0;Rent;Low
52.0;8.187,39;Female;Bachelor's Degree;Married;0;Own;Average
27.0;32.014,85;Female;Associate's Degree;Married;2;Own;Average
41.0;12.882,54;Female;Doctorate;Married;2;Rent;High
31.0;24.825,42;Male;Bachelor's Degree;Married;0;Own;Average
54.0;62.133,55;Male;High School Diploma;Married;1;Own;High
21.0;13.909,23;Female;Bachelor's Degree;Married;4;Own;Average
33.0;6.215,84;Female;High School Diploma;Single;1;Own;Low
44.0;19.091,49;Male;Master's Degree;Married;1;Own;Average
58.0;38.195,76;Male;Associate's Degree;Single;1;Rent;Average
39.0;58.640,08;Male;Bachelor's Degree;Single;0;Own;High
33.0;11.911,09;Male;High School Diploma;Single;1;Own;Low
62.0;28.235,90;Female;Associate's Degree;Single;1;Own;High
;17.454,36;Male;Master's Degree;Married;1;Own;Average
18.0;20.890,00;Female;Master's Degree;Single;2;Rent;Low
45.0;82.633,60;Male;High School Diploma;Married;1;Own;High
33.0;10.389,12;Male;High School Diploma;Married;2;Own;Average
27.0;25.005,97;Male;Master's Degree;Married;1;Rent;Average
48.0;27.829,35;Female;Master's Degree;Single;2;Own;High
42.0;37.907,08;Female;High School Diploma;Married;0;Own;High
33.0;23.132,45;Male;Associate's Degree;Married;0;Own;Average
24.0;25.694,32;Female;Associate's Degree;Married;2;Rent;Average
50.0;18.109,21;Female;Master's Degree;Married;1;Own;Average
47.0;25.199,10;Male;High School Diploma;Married;1;Rent;Average
38.0;18.553,32;Male;High School Diploma;Married;0;Rent;Low
62.0;30.055,05;Female;Bachelor's Degree;Single;1;Own;High
27.0;18.309,86;Female;High School Diploma;Married;0;Rent;Low
21.0;26.596,91;Female;Associate's Degree;Single;2;Rent;Average
31.0;21.706,53;Male;Associate's Degree;Married;0;Rent;Low
39.0;38.677,96;Male;Associate's Degree;Single;0;Rent;Average
42.0;21.467,67;Female;Associate's Degree;Single;0;Rent;Low
37.0;9.076,86;Male;Bachelor's Degree;Married;2;Own;Average
44.0;41.396,88;Male;High School Diploma;Married;2;Rent;Average
24.0;14.004,50;Female;Bachelor's Degree;Single;3;Rent;Low
;15.884,78;Female;Master's Degree;Married;3;Rent;High
39.0;16.353,04;Male;Bachelor's Degree;Married;2;Own;Average
53.0;43.792,55;Male;High School Diploma;Single;1;Own;Low
44.0;7.571,62;Female;High School Diploma;Married;0;Own;Average
45.0;105.754,35;Male;High School Diploma;Single;2;Own;Average
46.0;37.347,77;Male;Associate's Degree;Married;2;Own;Average
45.0;24.627,51;Female;Associate's Degree;Married;3;Rent;Low
47.0;21.430,13;Female;Bachelor's Degree;Single;1;Rent;Low
55.0;25.406,92;Male;High School Diploma;Married;1;Own;Average
42.0;28.582,82;Male;High School Diploma;Single;1;Rent;Low
48.0;30.412,46;Male;Associate's Degree;Married;3;Own;Average
38.0;29.079,89;Female;Bachelor's Degree;Married;1;Rent;Low
57.0;23.035,47;Male;High School Diploma;Married;1;Own;Average
;19.956,91;Male;Bachelor's Degree;Single;2;Rent;Average
61.0;20.421,90;Female;High School Diploma;Single;2;Rent;Average
39.0;19.981,18;Female;Master's Degree;Single;1;Own;Average
22.0;38.827,54;Male;Master's Degree;Single;1;Own;Average
41.0;29.636,99;Female;High School Diploma;Married;3;Own;Average
31.0;5.063,46;Female;High School Diploma;Married;2;Own;Low
50.0;30.575,38;Male;Associate's Degree;Married;0;Rent;Average
32.0;24.279,03;Female;High School Diploma;Married;2;Rent;Low
34.0;21.821,38;Female;Bachelor's Degree;Married;1;Rent;Average
18.0;18.137,57;Male;Master's Degree;Married;3;Rent;Average
34.0;38.640,51;Female;Bachelor's Degree;Married;1;Rent;High
18.0;35.375,09;Male;Master's Degree;Married;2;Rent;High
20.0;14.966,37;Male;Associate's Degree;Single;0;Own;Average
49.0;26.998,22;Female;High School Diploma;Single;2;Rent;Low
49.0;13.550,40;Female;Bachelor's Degree;Married;2;Own;Average
45.0;11.050,06;Female;Associate's Degree;Single;1;Own;Average
;16.101,08;Male;Bachelor's Degree;Single;0;Own;Average
39.0;33.900,90;Female;High School Diploma;Married;2;Own;Average
39.0;35.474,26;Male;High School Diploma;Married;3;Rent;Average
26.0;28.468,19;Female;Doctorate;Married;0;Rent;High
58.0;31.651,72;Female;High School Diploma;Single;1;Own;Average
50.0;28.512,25;Female;Doctorate;Single;1;Own;High
37.0;15.982,65;Male;Doctorate;Married;0;Rent;Average
40.0;27.336,04;Female;Bachelor's Degree;Married;1;Rent;Low
42.0;32.866,35;Female;Bachelor's Degree;Married;2;Own;High
18.0;32.117,16;Male;Bachelor's Degree;Married;0;Rent;Low
37.0;39.912,97;Male;Master's Degree;Married;1;Own;Average
31.0;31.387,09;Female;High School Diploma;Married;2;Own;Average
27.0;26.257,95;Female;Associate's Degree;Single;3;Rent;Low
36.0;37.611,88;Female;Bachelor's Degree;Married;0;Own;Average
61.0;21.736,31;Male;Associate's Degree;Married;1;Own;Average
47.0;14.172,56;Male;Associate's Degree;Married;2;Rent;Low
33.0;20.301,83;Male;Associate's Degree;Married;2;Own;Low
46.0;15.177,19;Male;Bachelor's Degree;Married;1;Own;High
